Tail_number,NAME
N231WM,A DAVTIAN MD MEDICAL SERVICES INC DBA             
N236AT,AIR AMBULANCE BY AIR TREK INC                     
N414RM,AIR AMBULANCE BY AIR TREK INC                     
N658AT,AIR AMBULANCE BY AIR TREK INC                     
N622AT,AIR AMBULANCE BY AIR TREK INC                     
N633AT,AIR AMBULANCE BY AIR TREK INC                     
N650AT,AIR AMBULANCE BY AIR TREK INC                     
N655AT,AIR AMBULANCE BY AIR TREK INC                     
N895CR,AIR METHODS CORP                                  
N490AM,AIRMED INTERNATIONAL LLC                          
N811AM,AIRMED INTERNATIONAL LLC                          
N1387Y,BI-COUNTY AMBULANCE SERVICE INC                   
N1664V,BISMARCK AERO CENTER CORP                         
N441CX,BISMARCK AIR MEDICAL LLC                          
N431GW,CAL ORE LIFE FLIGHT LLC                           
N35EG,CHATFIELD AIR AMBULANCE INC                       
N210PT,CLASSIC MEDICAL INC                               
N181CG,CLASSIC MEDICAL INC                               
N3127L,DELANO AMBULANCE SERVICE INC                      
N500CR,ELITE MEDICAL AIR TRANSPORT LLC                   
N91MF,ELITE MEDICAL AIR TRANSPORT LLC                   
N120NC,EXPRESS AIR MEDICAL TRANSPORT LLC                 
N30MS,FLYING MEDICAL SERVICE                            
N36MS,FLYING MEDICAL SERVICE INC                        
N172RF,GUARDIAN FLIGHT HOLDINGS INC                      
N8698N,GUARDIAN FLIGHT HOLDINGS INC                      
N97749,GUARDIAN FLIGHT HOLDINGS INC                      
N946AM,GUARDIAN FLIGHT HOLDINGS INC                      
N977AA,GUARDIAN FLIGHT HOLDINGS INC                      
N211VM,GUARDIAN FLIGHT LLC                               
N124UV,GUARDIAN FLIGHT LLC                               
N273SM,GUARDIAN FLIGHT LLC                               
N318MT,GUARDIAN FLIGHT LLC                               
N348PC,GUARDIAN FLIGHT LLC                               
N456V,GUARDIAN FLIGHT LLC                               
N485JR,GUARDIAN FLIGHT LLC                               
N5DM,GUARDIAN FLIGHT LLC                               
N811VM,GUARDIAN FLIGHT LLC                               
N911VM,GUARDIAN FLIGHT LLC                               
N2486U,GUARDIAN FLIGHT LLC                               
N1074G,GUARDIAN FLIGHT LLC                               
N1076K,GUARDIAN FLIGHT LLC                               
N1079D,GUARDIAN FLIGHT LLC                               
N1083S,GUARDIAN FLIGHT LLC                               
N13GZ,GUARDIAN FLIGHT LLC                               
N170SE,GUARDIAN FLIGHT LLC                               
N25KA,GUARDIAN FLIGHT LLC                               
N266RD,GUARDIAN FLIGHT LLC                               
N299RP,GUARDIAN FLIGHT LLC                               
N3221M,GUARDIAN FLIGHT LLC                               
N3263N,GUARDIAN FLIGHT LLC                               
N351SA,GUARDIAN FLIGHT LLC                               
N393JW,GUARDIAN FLIGHT LLC                               
N399WS,GUARDIAN FLIGHT LLC                               
N411WA,GUARDIAN FLIGHT LLC                               
N438CA,GUARDIAN FLIGHT LLC                               
N447DB,GUARDIAN FLIGHT LLC                               
N5431M,GUARDIAN FLIGHT LLC                               
N587PB,GUARDIAN FLIGHT LLC                               
N588SA,GUARDIAN FLIGHT LLC                               
N597P,GUARDIAN FLIGHT LLC                               
N607FJ,GUARDIAN FLIGHT LLC                               
N60VP,GUARDIAN FLIGHT LLC                               
N617MM,GUARDIAN FLIGHT LLC                               
N6728H,GUARDIAN FLIGHT LLC                               
N68MN,GUARDIAN FLIGHT LLC                               
N692W,GUARDIAN FLIGHT LLC                               
N770VF,GUARDIAN FLIGHT LLC                               
N771PD,GUARDIAN FLIGHT LLC                               
N785JP,GUARDIAN FLIGHT LLC                               
N828FC,GUARDIAN FLIGHT LLC                               
N902TS,GUARDIAN FLIGHT LLC                               
N915MR,GUARDIAN FLIGHT LLC                               
N947AM,GUARDIAN FLIGHT LLC                               
N948AM,GUARDIAN FLIGHT LLC                               
N98KS,GUARDIAN FLIGHT LLC                               
N126EC,GUARDIAN FLIGHT LLC                               
N1925B,GUARDIAN FLIGHT LLC                               
N435DC,GUARDIAN FLIGHT LLC                               
N126TS,LIFE FLIGHT NETWORK LLC                           
N660LF,LIFE FLIGHT NETWORK LLC                           
N918LF,LIFE FLIGHT NETWORK LLC                           
N412WD,LYNX MEDICAL TRANSPORT LLC                        
N43MF,MED FLIGHT AIR AMBULANCE INC                      
N45MF,MED FLIGHT AIR AMBULANCE INC                      
N46MF,MED FLIGHT AIR AMBULANCE INC                      
N47MF,MED FLIGHT AIR AMBULANCE INC                      
N6824V,MEDICAL TRANSPORT INC                             
N283AC,MEDICAL TRANSPORT INC                             
N117MF,MERCY FLIGHTS INC                                 
N7642N,MICHIANA AIR AMBULANCE INC                        
N6HQ,REMOTE AREA MEDICAL INC                           
N8094B,RUTHERFORD COUNTY AIR RESCUE SQUAD                
N86SM,SAFER MEDICAL INC                                 
N956M,SAFER MEDICAL OF MONTANA INC                      
N187MT,SAFER MEDICAL OF MT INC                           
N3562S,SAFER MEDICAL OF MT INC                           
N65636,SAFER MEDICAL OF MT INC                           
N470FJ,SANFORD HEALTH                                    
N650TA,SANFORD HEALTH                                    
N3620M,SANFORD MEDICAL CENTER                            
N901SH,SANFORD MEDICAL CENTER                            
N902SH,SANFORD MEDICAL CENTER                            
N904SH,SANFORD MEDICAL CENTER                            
N905SH,SANFORD MEDICAL CENTER                            
N914SH,SANFORD MEDICAL CENTER                            
N81FJ,SUPERIOR AMBULANCE AVIATION INC                   
N2540M,TRI-MET MEDICAL SERVICES LLC                      
