TailNumber,NAME
N919SF,AIR ER LLC                                        
N108AE,AIR EVAC EMS INC                                  
N139AE,AIR EVAC EMS INC                                  
N229AE,AIR EVAC EMS INC                                  
N258AE,AIR EVAC EMS INC                                  
N275AE,AIR EVAC EMS INC                                  
N302AE,AIR EVAC EMS INC                                  
N346AE,AIR EVAC EMS INC                                  
N108AF,AIR FIRST LLC                                     
N10AF,AIR FIRST LLC                                     
N128AF,AIR FIRST LLC                                     
N844AF,AIR FIRST LLC                                     
N444JB,AIR FIRST LLC                                     
N103LN,AIR METHODS CORP                                  
N117MK,AIR METHODS CORP                                  
N125LN,AIR METHODS CORP                                  
N126LN,AIR METHODS CORP                                  
N128LN,AIR METHODS CORP                                  
N129LN,AIR METHODS CORP                                  
N139AM,AIR METHODS CORP                                  
N152AC,AIR METHODS CORP                                  
N165AM,AIR METHODS CORP                                  
N235UW,AIR METHODS CORP                                  
N320AM,AIR METHODS CORP                                  
N351LN,AIR METHODS CORP                                  
N36AM,AIR METHODS CORP                                  
N380AM,AIR METHODS CORP                                  
N382AM,AIR METHODS CORP                                  
N3866,AIR METHODS CORP                                  
N392LG,AIR METHODS CORP                                  
N392SH,AIR METHODS CORP                                  
N394LG,AIR METHODS CORP                                  
N396LG,AIR METHODS CORP                                  
N397LG,AIR METHODS CORP                                  
N476DF,AIR METHODS CORP                                  
N477DF,AIR METHODS CORP                                  
N480DF,AIR METHODS CORP                                  
N482DF,AIR METHODS CORP                                  
N485UH,AIR METHODS CORP                                  
N487DF,AIR METHODS CORP                                  
N521RQ,AIR METHODS CORP                                  
N5230J,AIR METHODS CORP                                  
N54315,AIR METHODS CORP                                  
N549AM,AIR METHODS CORP                                  
N572AM,AIR METHODS CORP                                  
N576AM,AIR METHODS CORP                                  
N745AF,AIR METHODS CORP                                  
N837AM,AIR METHODS CORP                                  
N911DX,AIR METHODS CORP                                  
N911XE,AIR METHODS CORP                                  
N952AL,AIR METHODS CORP                                  
N953AL,AIR METHODS CORP                                  
N954AL,AIR METHODS CORP                                  
N5751M,AIRMD LLC                                         
N765BG,BRISTOW U S LLC                                   
N7669L,BRISTOW U S LLC                                   
N893BG,BRISTOW U S LLC                                   
N763BG,BRISTOW US LLC                                    
N764BG,BRISTOW US LLC                                    
N890BG,BRISTOW US LLC                                    
N560YC,CAROVA BACH VOL FIRE DEPT                         
N5692N,CAROVA BEACH VOL FIRE DEPT                        
N162AE,CHARLOTTE-MECKLENBURG HOSPITAL AUTHORITY          
N9569F,CLASSIC HELICOPTER CORP                           
N1151L,CLASSIC HELICOPTERS LLC                           
N518HA,CLASSIC HELICOPTERS LLC                           
N62372,CLASSIC HELICOPTERS LLC                           
N113CV,ERA HELICOPTERS LLC                               
N139EH,ERA HELICOPTERS LLC                               
N193EH,ERA HELICOPTERS LLC                               
N217FD,ERA HELICOPTERS LLC                               
N328PK,ERA HELICOPTERS LLC                               
N358EH,ERA HELICOPTERS LLC                               
N359EH,ERA HELICOPTERS LLC                               
N404JG,ERA HELICOPTERS LLC                               
N4061G,ERA HELICOPTERS LLC                               
N523EH,ERA HELICOPTERS LLC                               
N590AC,ERA LEASING LLC                                   
N480LF,GEISINGER MEDICAL CENTER                          
N911AX,GUARDIAN FLIGHT HOLDINGS INC                      
N911AY,GUARDIAN FLIGHT HOLDINGS INC                      
N412PP,GUARDIAN U S A INC                                
N45780,HELTON VOLUNTEER  SEARCH & RESCUE                 
N901HC,IHC HEALTH SERVICES INC DBA                       
N377SL,LIFE FLIGHT NETWORK LLC                           
N401LF,LIFE FLIGHT NETWORK LLC                           
N402LF,LIFE FLIGHT NETWORK LLC                           
N403LF,LIFE FLIGHT NETWORK LLC                           
N405LF,LIFE FLIGHT NETWORK LLC                           
N429LF,LIFE FLIGHT NETWORK LLC                           
N921LF,LIFE FLIGHT NETWORK LLC                           
N922LF,LIFE FLIGHT NETWORK LLC                           
N923LF,LIFE FLIGHT NETWORK LLC                           
N92LF,LIFE FLIGHT NETWORK LLC                           
N7858M,MATHENY MEDICAL AND EDUCATIONAL CENTER            
N392TC,MED TRANS CORP                                    
N851MB,MED-TRANS CORP                                    
N853MB,MED-TRANS CORP                                    
N220CF,MERCY AIR HELICOPTER INC                          
N119MF,MERCY FLIGHTS INC                                 
N63SV,MERCY HEALTH SYSTEM-NORTHERN REGION DBA           
N365SJ,MERCY ST VINCENT MEDICAL CENTER LIFE FLIGHT       
N1174U,MILWAUKEE REGIONAL MEDICAL CENTER INC             
N184WK,MILWAUKEE REGIONAL MEDICAL CENTER INC             
N11QN,NEVADA HELICOPTER LEASING LLC                     
N10NM,NORTH MEMORIAL HEALTH CARE                        
N71NM,NORTH MEMORIAL HEALTH CARE                        
N81NM,NORTH MEMORIAL HEALTH CARE                        
N28NM,NORTH MEMORIAL HEALTHCARE                         
N68NM,NORTH MEMORIAL HEALTHCARE                         
N58NM,NORTH MEMORIAL MEDICAL CENTER                     
N327PH,PHI AVIATION LLC                                  
N424PH,PHI AVIATION LLC                                  
N425PH,PHI AVIATION LLC                                  
N438PH,PHI AVIATION LLC                                  
N441PH,PHI AVIATION LLC                                  
N448PH,PHI AVIATION LLC                                  
N451PH,PHI AVIATION LLC                                  
N455PH,PHI AVIATION LLC                                  
N490PH,PHI AVIATION LLC                                  
N491PH,PHI AVIATION LLC                                  
N5435V,PHI AVIATION LLC                                  
N718P,PHI AVIATION LLC                                  
N724PH,PHI AVIATION LLC                                  
N738P,PHI AVIATION LLC                                  
N772P,PHI AVIATION LLC                                  
N317PH,PHI HEALTH LLC                                    
N382PH,PHI HEALTH LLC                                    
N389PH,PHI HEALTH LLC                                    
N399PH,PHI HEALTH LLC                                    
N395P,PHI INC                                           
N319RX,REACH AIR MEDICAL SERVICES LLC                    
N444YE,REACH AIR MEDICAL SERVICES LLC                    
N555YE,REACH AIR MEDICAL SERVICES LLC                    
N854MB,REACH AIR MEDICAL SERVICES LLC                    
N61779,RUTHERFORD COUNTY AIR RESCUE SQUAD                
N799RC,RUTHERFORD COUNTY AIR RESCUE SQUAD                
N101SY,SAFER MEDICAL OF MT INC                           
N91SV,SAINT VINCENT MERCY MEDICAL CENTER                
N146SP,SAMARITAN'S PURSE                                 
N848SE,SAMARITAN'S PURSE                                 
N304SP,SAMARITANS PURSE                                  
N197SP,SAMARITANS PURSE                                  
N813NP,SAMARITANS PURSE                                  
N842HP,SAMARITANS PURSE                                  
N861QP,SAMARITANS PURSE                                  
N867TP,SAMARITANS PURSE                                  
N867US,SAMARITANS PURSE                                  
N768AM,SPECTRUM HEALTH HOSPITALS                         
N293SV,ST VINCENT MERCY MEDICAL CENTER                   
N93SV,ST VINCENT MERCY MEDICAL CENTER                   
N95RZ,ST VINCENT MERCY MEDICAL CENTER                   
N514CH,TRI STATE HELICOPTERS INC                         
N58363,TRI-COUNTY SEARCH AND RESCUE INC                  
N7UC,TRISTATE CARE FLIGHT LLC                          
N603CF,TRISTATE CAREFLIGHT LLC                           
N381YC,YELLOWSTONE COUNTY SHERIFF OFFICE                 
